[
  {
    "title": "Privacy",
    "description": "The Privacy Policy for Taxonomy App.",
    "body": {
      "raw": "\nBlandit libero volutpat sed cras ornare arcu. Cursus sit amet dictum sit amet. Nunc vel risus commodo viverra maecenas accumsan. Libero id faucibus nisl tincidunt eget nullam non nisi est. Varius quam quisque id diam vel quam. Id donec ultrices tincidunt arcu non.\n\n## Consent\n\nLorem ipsum dolor sit amet, consectetur adipiscing elit, sed do eiusmod tempor incididunt ut labore et dolore magna aliqua. Volutpat sed cras ornare arcu. Nibh ipsum consequat nisl vel pretium lectus quam id leo. A arcu cursus vitae congue. Amet justo donec enim diam. Vel pharetra vel turpis nunc eget lorem. Gravida quis blandit turpis cursus in. Semper auctor neque vitae tempus. Elementum facilisis leo vel fringilla est ullamcorper eget nulla. Imperdiet nulla malesuada pellentesque elit eget.\n\nFelis donec et odio pellentesque diam volutpat commodo sed.\n\nTortor consequat id porta nibh. Fames ac turpis egestas maecenas pharetra convallis posuere morbi leo. Scelerisque fermentum dui faucibus in. Tortor posuere ac ut consequat semper viverra.\n\n## Information we collect\n\nAmet justo donec enim diam. In hendrerit gravida rutrum quisque non. Hac habitasse platea dictumst quisque sagittis purus sit.\n\n## How we use your Information\n\nUt sem nulla pharetra diam sit amet nisl suscipit adipiscing. Consectetur adipiscing elit pellentesque habitant. Ut tristique et egestas quis ipsum suspendisse ultrices gravida.\n",
      "code": "var Component=(()=>{var d=Object.create;var s=Object.defineProperty;var p=Object.getOwnPropertyDescriptor;var h=Object.getOwnPropertyNames;var q=Object.getPrototypeOf,f=Object.prototype.hasOwnProperty;var g=(i,e)=>()=>(e||i((e={exports:{}}).exports,e),e.exports),v=(i,e)=>{for(var a in e)s(i,a,{get:e[a],enumerable:!0})},o=(i,e,a,r)=>{if(e&&typeof e==\"object\"||typeof e==\"function\")for(let t of h(e))!f.call(i,t)&&t!==a&&s(i,t,{get:()=>e[t],enumerable:!(r=p(e,t))||r.enumerable});return i};var b=(i,e,a)=>(a=i!=null?d(q(i)):{},o(e||!i||!i.__esModule?s(a,\"default\",{value:i,enumerable:!0}):a,i)),w=i=>o(s({},\"__esModule\",{value:!0}),i);var u=g((j,c)=>{c.exports=_jsx_runtime});var y={};v(y,{default:()=>m,frontmatter:()=>x});var n=b(u()),x={title:\"Privacy\",description:\"The Privacy Policy for Taxonomy App.\"};function l(i){let e={a:\"a\",h2:\"h2\",p:\"p\",span:\"span\",...i.components};return(0,n.jsxs)(n.Fragment,{children:[(0,n.jsx)(e.p,{children:\"Blandit libero volutpat sed cras ornare arcu. Cursus sit amet dictum sit amet. Nunc vel risus commodo viverra maecenas accumsan. Libero id faucibus nisl tincidunt eget nullam non nisi est. Varius quam quisque id diam vel quam. Id donec ultrices tincidunt arcu non.\"}),`\n`,(0,n.jsxs)(e.h2,{id:\"consent\",children:[(0,n.jsx)(e.a,{className:\"subheading-anchor\",\"aria-label\":\"Link to section\",href:\"#consent\",children:(0,n.jsx)(e.span,{className:\"icon icon-link\"})}),\"Consent\"]}),`\n`,(0,n.jsx)(e.p,{children:\"Lorem ipsum dolor sit amet, consectetur adipiscing elit, sed do eiusmod tempor incididunt ut labore et dolore magna aliqua. Volutpat sed cras ornare arcu. Nibh ipsum consequat nisl vel pretium lectus quam id leo. A arcu cursus vitae congue. Amet justo donec enim diam. Vel pharetra vel turpis nunc eget lorem. Gravida quis blandit turpis cursus in. Semper auctor neque vitae tempus. Elementum facilisis leo vel fringilla est ullamcorper eget nulla. Imperdiet nulla malesuada pellentesque elit eget.\"}),`\n`,(0,n.jsx)(e.p,{children:\"Felis donec et odio pellentesque diam volutpat commodo sed.\"}),`\n`,(0,n.jsx)(e.p,{children:\"Tortor consequat id porta nibh. Fames ac turpis egestas maecenas pharetra convallis posuere morbi leo. Scelerisque fermentum dui faucibus in. Tortor posuere ac ut consequat semper viverra.\"}),`\n`,(0,n.jsxs)(e.h2,{id:\"information-we-collect\",children:[(0,n.jsx)(e.a,{className:\"subheading-anchor\",\"aria-label\":\"Link to section\",href:\"#information-we-collect\",children:(0,n.jsx)(e.span,{className:\"icon icon-link\"})}),\"Information we collect\"]}),`\n`,(0,n.jsx)(e.p,{children:\"Amet justo donec enim diam. In hendrerit gravida rutrum quisque non. Hac habitasse platea dictumst quisque sagittis purus sit.\"}),`\n`,(0,n.jsxs)(e.h2,{id:\"how-we-use-your-information\",children:[(0,n.jsx)(e.a,{className:\"subheading-anchor\",\"aria-label\":\"Link to section\",href:\"#how-we-use-your-information\",children:(0,n.jsx)(e.span,{className:\"icon icon-link\"})}),\"How we use your Information\"]}),`\n`,(0,n.jsx)(e.p,{children:\"Ut sem nulla pharetra diam sit amet nisl suscipit adipiscing. Consectetur adipiscing elit pellentesque habitant. Ut tristique et egestas quis ipsum suspendisse ultrices gravida.\"})]})}function m(i={}){let{wrapper:e}=i.components||{};return e?(0,n.jsx)(e,{...i,children:(0,n.jsx)(l,{...i})}):l(i)}return w(y);})();\n;return Component;"
    },
    "_id": "pages/privacy.mdx",
    "_raw": {
      "sourceFilePath": "pages/privacy.mdx",
      "sourceFileName": "privacy.mdx",
      "sourceFileDir": "pages",
      "contentType": "mdx",
      "flattenedPath": "pages/privacy"
    },
    "type": "Page",
    "slug": "/pages/privacy",
    "slugAsParams": "privacy",
    "images": []
  },
  {
    "title": "Terms & Conditions",
    "description": "Read our terms and conditions.",
    "body": {
      "raw": "\nLorem ipsumMagna fermentum iaculis eu non diam. Vitae purus faucibus ornare suspendisse sed nisi lacus sed. In nibh mauris cursus mattis molestie a iaculis at. Enim sit amet venenatis urna. Eget sit amet tellus cras adipiscing.\n\n## Legal Notices\n\nLorem ipsum dolor sit amet, consectetur adipiscing elit, sed do eiusmod tempor incididunt ut labore et dolore magna aliqua. Volutpat sed cras ornare arcu. Nibh ipsum consequat nisl vel pretium lectus quam id leo. A arcu cursus vitae congue. Amet justo donec enim diam. Vel pharetra vel turpis nunc eget lorem. Gravida quis blandit turpis cursus in. Semper auctor neque vitae tempus. Elementum facilisis leo vel fringilla est ullamcorper eget nulla. Imperdiet nulla malesuada pellentesque elit eget.\n\nFelis donec et odio pellentesque diam volutpat commodo sed.\n\nTortor consequat id porta nibh. Fames ac turpis egestas maecenas pharetra convallis posuere morbi leo. Scelerisque fermentum dui faucibus in. Tortor posuere ac ut consequat semper viverra.\n\n## Warranty Disclaimer\n\nTellus in hac habitasse platea dictumst vestibulum. Faucibus in ornare quam viverra. Viverra aliquet eget sit amet tellus cras adipiscing. Erat nam at lectus urna duis convallis convallis tellus. Bibendum est ultricies integer quis auctor elit sed vulputate.\n\nNisl condimentum id venenatis a condimentum vitae. Ac auctor augue mauris augue neque gravida in fermentum. Arcu felis bibendum ut tristique. Tempor commodo ullamcorper a lacus vestibulum sed arcu non.\n\n## General\n\nMagna fermentum iaculis eu non diam. Vitae purus faucibus ornare suspendisse sed nisi lacus sed. In nibh mauris cursus mattis molestie a iaculis at. Enim sit amet venenatis urna. Eget sit amet tellus cras adipiscing.\n\nSed lectus vestibulum mattis ullamcorper velit. Id diam vel quam elementum pulvinar. In iaculis nunc sed augue lacus viverra. In hendrerit gravida rutrum quisque non tellus. Nisl purus in mollis nunc.\n\n## Disclaimer\n\nAmet justo donec enim diam. In hendrerit gravida rutrum quisque non. Hac habitasse platea dictumst quisque sagittis purus sit. Faucibus ornare suspendisse sed nisi lacus. Nulla porttitor massa id neque aliquam vestibulum. Ante in nibh mauris cursus mattis molestie a. Mi tempus imperdiet nulla malesuada.\n",
      "code": "var Component=(()=>{var d=Object.create;var t=Object.defineProperty;var p=Object.getOwnPropertyDescriptor;var h=Object.getOwnPropertyNames;var g=Object.getPrototypeOf,v=Object.prototype.hasOwnProperty;var b=(a,e)=>()=>(e||a((e={exports:{}}).exports,e),e.exports),q=(a,e)=>{for(var s in e)t(a,s,{get:e[s],enumerable:!0})},r=(a,e,s,u)=>{if(e&&typeof e==\"object\"||typeof e==\"function\")for(let n of h(e))!v.call(a,n)&&n!==s&&t(a,n,{get:()=>e[n],enumerable:!(u=p(e,n))||u.enumerable});return a};var f=(a,e,s)=>(s=a!=null?d(g(a)):{},r(e||!a||!a.__esModule?t(s,\"default\",{value:a,enumerable:!0}):s,a)),N=a=>r(t({},\"__esModule\",{value:!0}),a);var c=b((j,l)=>{l.exports=_jsx_runtime});var k={};q(k,{default:()=>o,frontmatter:()=>x});var i=f(c()),x={title:\"Terms & Conditions\",description:\"Read our terms and conditions.\"};function m(a){let e={a:\"a\",h2:\"h2\",p:\"p\",span:\"span\",...a.components};return(0,i.jsxs)(i.Fragment,{children:[(0,i.jsx)(e.p,{children:\"Lorem ipsumMagna fermentum iaculis eu non diam. Vitae purus faucibus ornare suspendisse sed nisi lacus sed. In nibh mauris cursus mattis molestie a iaculis at. Enim sit amet venenatis urna. Eget sit amet tellus cras adipiscing.\"}),`\n`,(0,i.jsxs)(e.h2,{id:\"legal-notices\",children:[(0,i.jsx)(e.a,{className:\"subheading-anchor\",\"aria-label\":\"Link to section\",href:\"#legal-notices\",children:(0,i.jsx)(e.span,{className:\"icon icon-link\"})}),\"Legal Notices\"]}),`\n`,(0,i.jsx)(e.p,{children:\"Lorem ipsum dolor sit amet, consectetur adipiscing elit, sed do eiusmod tempor incididunt ut labore et dolore magna aliqua. Volutpat sed cras ornare arcu. Nibh ipsum consequat nisl vel pretium lectus quam id leo. A arcu cursus vitae congue. Amet justo donec enim diam. Vel pharetra vel turpis nunc eget lorem. Gravida quis blandit turpis cursus in. Semper auctor neque vitae tempus. Elementum facilisis leo vel fringilla est ullamcorper eget nulla. Imperdiet nulla malesuada pellentesque elit eget.\"}),`\n`,(0,i.jsx)(e.p,{children:\"Felis donec et odio pellentesque diam volutpat commodo sed.\"}),`\n`,(0,i.jsx)(e.p,{children:\"Tortor consequat id porta nibh. Fames ac turpis egestas maecenas pharetra convallis posuere morbi leo. Scelerisque fermentum dui faucibus in. Tortor posuere ac ut consequat semper viverra.\"}),`\n`,(0,i.jsxs)(e.h2,{id:\"warranty-disclaimer\",children:[(0,i.jsx)(e.a,{className:\"subheading-anchor\",\"aria-label\":\"Link to section\",href:\"#warranty-disclaimer\",children:(0,i.jsx)(e.span,{className:\"icon icon-link\"})}),\"Warranty Disclaimer\"]}),`\n`,(0,i.jsx)(e.p,{children:\"Tellus in hac habitasse platea dictumst vestibulum. Faucibus in ornare quam viverra. Viverra aliquet eget sit amet tellus cras adipiscing. Erat nam at lectus urna duis convallis convallis tellus. Bibendum est ultricies integer quis auctor elit sed vulputate.\"}),`\n`,(0,i.jsx)(e.p,{children:\"Nisl condimentum id venenatis a condimentum vitae. Ac auctor augue mauris augue neque gravida in fermentum. Arcu felis bibendum ut tristique. Tempor commodo ullamcorper a lacus vestibulum sed arcu non.\"}),`\n`,(0,i.jsxs)(e.h2,{id:\"general\",children:[(0,i.jsx)(e.a,{className:\"subheading-anchor\",\"aria-label\":\"Link to section\",href:\"#general\",children:(0,i.jsx)(e.span,{className:\"icon icon-link\"})}),\"General\"]}),`\n`,(0,i.jsx)(e.p,{children:\"Magna fermentum iaculis eu non diam. Vitae purus faucibus ornare suspendisse sed nisi lacus sed. In nibh mauris cursus mattis molestie a iaculis at. Enim sit amet venenatis urna. Eget sit amet tellus cras adipiscing.\"}),`\n`,(0,i.jsx)(e.p,{children:\"Sed lectus vestibulum mattis ullamcorper velit. Id diam vel quam elementum pulvinar. In iaculis nunc sed augue lacus viverra. In hendrerit gravida rutrum quisque non tellus. Nisl purus in mollis nunc.\"}),`\n`,(0,i.jsxs)(e.h2,{id:\"disclaimer\",children:[(0,i.jsx)(e.a,{className:\"subheading-anchor\",\"aria-label\":\"Link to section\",href:\"#disclaimer\",children:(0,i.jsx)(e.span,{className:\"icon icon-link\"})}),\"Disclaimer\"]}),`\n`,(0,i.jsx)(e.p,{children:\"Amet justo donec enim diam. In hendrerit gravida rutrum quisque non. Hac habitasse platea dictumst quisque sagittis purus sit. Faucibus ornare suspendisse sed nisi lacus. Nulla porttitor massa id neque aliquam vestibulum. Ante in nibh mauris cursus mattis molestie a. Mi tempus imperdiet nulla malesuada.\"})]})}function o(a={}){let{wrapper:e}=a.components||{};return e?(0,i.jsx)(e,{...a,children:(0,i.jsx)(m,{...a})}):m(a)}return N(k);})();\n;return Component;"
    },
    "_id": "pages/terms.mdx",
    "_raw": {
      "sourceFilePath": "pages/terms.mdx",
      "sourceFileName": "terms.mdx",
      "sourceFileDir": "pages",
      "contentType": "mdx",
      "flattenedPath": "pages/terms"
    },
    "type": "Page",
    "slug": "/pages/terms",
    "slugAsParams": "terms",
    "images": []
  }
]