{
  "title": "Components",
  "description": "Use React components in Markdown using MDX.",
  "published": true,
  "body": {
    "raw": "\nThe following components are available out of the box for use in Markdown.\n\nIf you'd like to build and add your own custom components, see the [Custom Components](#custom-components) section below.\n\n## Built-in Components\n\n### 1. Callout\n\n```jsx\n<Callout type=\"default | warning | danger | note | info | success\">\n  This is a default callout. You can embed **Markdown** inside a `callout`.\n</Callout>\n```\n\n<Callout>\n  This is a default callout. You can embed **Markdown** inside a `callout`.\n</Callout>\n\n<Callout type=\"warning\">\n  This is a warning callout. It uses the props `type=\"warning\"`.\n</Callout>\n\n<Callout type=\"danger\">\n  This is a danger callout. It uses the props `type=\"danger\"`.\n</Callout>\n\n<Callout type=\"note\">\n  This is a warning callout. It uses the props `type=\"note\"`.\n</Callout>\n\n<Callout type=\"info\">\n  This is a danger callout. It uses the props `type=\"info\"`.\n</Callout>\n\n<Callout type=\"success\">\n  This is a warning callout. It uses the props `type=\"success\"`.\n</Callout>\n\n### 2. Card\n\n```mdx\n<Card href=\"#\">\n\n#### Heading\n\nYou can use **markdown** inside cards.\n\n</Card>\n```\n\n<Card href=\"#\">\n\n#### Heading\n\nYou can use **markdown** inside cards.\n\n</Card>\n\nYou can also use HTML to embed cards in a grid.\n\n```mdx\n<div className=\"grid grid-cols-2 gap-4\">\n  <Card href=\"#\">\n    #### Card One \n    You can use **markdown** inside cards.\n  </Card>\n\n  <Card href=\"#\">\n    #### Card Two \n    You can also use `inline code` and code blocks.\n  </Card>\n</div>\n```\n\n<div className=\"grid grid-cols-2 gap-4\">\n  <Card href=\"#\">\n    #### Card One \n    You can use **markdown** inside cards.\n  </Card>\n\n  <Card href=\"#\">\n    #### Card Two \n    You can also use `inline code` and code blocks.\n  </Card>\n</div>\n\n---\n\n## Custom Components\n\nYou can add your own custom components using the `components` props from `useMDXComponent`.\n\n```ts title=\"components/mdx.tsx\" {2,6}\nimport { Callout } from \"@/components/callout\"\nimport { CustomComponent } from \"@/components/custom\"\n\nconst components = {\n  Callout,\n  CustomComponent,\n}\n\nexport function Mdx({ code }) {\n  const Component = useMDXComponent(code)\n\n  return (\n    <div className=\"mdx\">\n      <Component components={components} />\n    </div>\n  )\n}\n```\n\nOnce you've added your custom component, you can use it in MDX as follows:\n\n```js\n<CustomComponent propName=\"value\" />\n```\n\n---\n\n## HTML Elements\n\nYou can overwrite HTML elements using the same technique above.\n\n```ts {4}\nconst components = {\n  Callout,\n  CustomComponent,\n  hr: ({ ...props }) => <hr className=\"my-4 border-slate-200 md:my-6\" />,\n}\n```\n\nThis will overwrite the `<hr />` tag or `---` in Mardown with the HTML output above.\n\n---\n\n## Styling\n\nTailwind CSS classes can be used inside MDX for styling.\n\n```jsx\n<p className=\"text-red-600\">This text will be red.</p>\n```\n\nMake sure you have configured the path to your content in your `tailwind.config.js` file:\n",
    "code": "var Component=(()=>{var u=Object.create;var c=Object.defineProperty;var E=Object.getOwnPropertyDescriptor;var y=Object.getOwnPropertyNames;var m=Object.getPrototypeOf,g=Object.prototype.hasOwnProperty;var F=(l,n)=>()=>(n||l((n={exports:{}}).exports,n),n.exports),C=(l,n)=>{for(var a in n)c(l,a,{get:n[a],enumerable:!0})},i=(l,n,a,r)=>{if(n&&typeof n==\"object\"||typeof n==\"function\")for(let o of y(n))!g.call(l,o)&&o!==a&&c(l,o,{get:()=>n[o],enumerable:!(r=E(n,o))||r.enumerable});return l};var f=(l,n,a)=>(a=l!=null?u(m(l)):{},i(n||!l||!l.__esModule?c(a,\"default\",{value:l,enumerable:!0}):a,l)),b=l=>i(c({},\"__esModule\",{value:!0}),l);var d=F((_,s)=>{s.exports=_jsx_runtime});var w={};C(w,{default:()=>p,frontmatter:()=>k});var e=f(d()),k={title:\"Components\",description:\"Use React components in Markdown using MDX.\"};function t(l){let n={a:\"a\",code:\"code\",figcaption:\"figcaption\",figure:\"figure\",h2:\"h2\",h3:\"h3\",h4:\"h4\",hr:\"hr\",p:\"p\",pre:\"pre\",span:\"span\",strong:\"strong\",...l.components},{Callout:a,Card:r}=n;return a||h(\"Callout\",!0),r||h(\"Card\",!0),(0,e.jsxs)(e.Fragment,{children:[(0,e.jsx)(n.p,{children:\"The following components are available out of the box for use in Markdown.\"}),`\n`,(0,e.jsxs)(n.p,{children:[\"If you'd like to build and add your own custom components, see the \",(0,e.jsx)(n.a,{href:\"#custom-components\",children:\"Custom Components\"}),\" section below.\"]}),`\n`,(0,e.jsxs)(n.h2,{id:\"built-in-components\",children:[(0,e.jsx)(n.a,{className:\"subheading-anchor\",\"aria-label\":\"Link to section\",href:\"#built-in-components\",children:(0,e.jsx)(n.span,{className:\"icon icon-link\"})}),\"Built-in Components\"]}),`\n`,(0,e.jsxs)(n.h3,{id:\"1-callout\",children:[(0,e.jsx)(n.a,{className:\"subheading-anchor\",\"aria-label\":\"Link to section\",href:\"#1-callout\",children:(0,e.jsx)(n.span,{className:\"icon icon-link\"})}),\"1. Callout\"]}),`\n`,(0,e.jsx)(n.figure,{\"data-rehype-pretty-code-figure\":\"\",children:(0,e.jsx)(n.pre,{tabIndex:\"0\",\"data-language\":\"jsx\",\"data-theme\":\"github-dark\",__rawString__:`<Callout type=\"default | warning | danger | note | info | success\">\n  This is a default callout. You can embed **Markdown** inside a \\`callout\\`.\n</Callout>\n`,children:(0,e.jsxs)(n.code,{\"data-language\":\"jsx\",\"data-theme\":\"github-dark\",style:{display:\"grid\"},children:[(0,e.jsxs)(n.span,{\"data-line\":\"\",children:[(0,e.jsx)(n.span,{style:{color:\"#E1E4E8\"},children:\"<\"}),(0,e.jsx)(n.span,{style:{color:\"#79B8FF\"},children:\"Callout\"}),(0,e.jsx)(n.span,{style:{color:\"#B392F0\"},children:\" type\"}),(0,e.jsx)(n.span,{style:{color:\"#F97583\"},children:\"=\"}),(0,e.jsx)(n.span,{style:{color:\"#9ECBFF\"},children:'\"default | warning | danger | note | info | success\"'}),(0,e.jsx)(n.span,{style:{color:\"#E1E4E8\"},children:\">\"})]}),`\n`,(0,e.jsx)(n.span,{\"data-line\":\"\",children:(0,e.jsx)(n.span,{style:{color:\"#E1E4E8\"},children:\"  This is a default callout. You can embed **Markdown** inside a `callout`.\"})}),`\n`,(0,e.jsxs)(n.span,{\"data-line\":\"\",children:[(0,e.jsx)(n.span,{style:{color:\"#E1E4E8\"},children:\"</\"}),(0,e.jsx)(n.span,{style:{color:\"#79B8FF\"},children:\"Callout\"}),(0,e.jsx)(n.span,{style:{color:\"#E1E4E8\"},children:\">\"})]})]})})}),`\n`,(0,e.jsx)(a,{children:(0,e.jsxs)(n.p,{children:[\"This is a default callout. You can embed \",(0,e.jsx)(n.strong,{children:\"Markdown\"}),\" inside a \",(0,e.jsx)(n.code,{children:\"callout\"}),\".\"]})}),`\n`,(0,e.jsx)(a,{type:\"warning\",children:(0,e.jsxs)(n.p,{children:[\"This is a warning callout. It uses the props \",(0,e.jsx)(n.code,{children:'type=\"warning\"'}),\".\"]})}),`\n`,(0,e.jsx)(a,{type:\"danger\",children:(0,e.jsxs)(n.p,{children:[\"This is a danger callout. It uses the props \",(0,e.jsx)(n.code,{children:'type=\"danger\"'}),\".\"]})}),`\n`,(0,e.jsx)(a,{type:\"note\",children:(0,e.jsxs)(n.p,{children:[\"This is a warning callout. It uses the props \",(0,e.jsx)(n.code,{children:'type=\"note\"'}),\".\"]})}),`\n`,(0,e.jsx)(a,{type:\"info\",children:(0,e.jsxs)(n.p,{children:[\"This is a danger callout. It uses the props \",(0,e.jsx)(n.code,{children:'type=\"info\"'}),\".\"]})}),`\n`,(0,e.jsx)(a,{type:\"success\",children:(0,e.jsxs)(n.p,{children:[\"This is a warning callout. It uses the props \",(0,e.jsx)(n.code,{children:'type=\"success\"'}),\".\"]})}),`\n`,(0,e.jsxs)(n.h3,{id:\"2-card\",children:[(0,e.jsx)(n.a,{className:\"subheading-anchor\",\"aria-label\":\"Link to section\",href:\"#2-card\",children:(0,e.jsx)(n.span,{className:\"icon icon-link\"})}),\"2. Card\"]}),`\n`,(0,e.jsx)(n.figure,{\"data-rehype-pretty-code-figure\":\"\",children:(0,e.jsx)(n.pre,{tabIndex:\"0\",\"data-language\":\"mdx\",\"data-theme\":\"github-dark\",__rawString__:`<Card href=\"#\">\n\n#### Heading\n\nYou can use **markdown** inside cards.\n\n</Card>\n`,children:(0,e.jsxs)(n.code,{\"data-language\":\"mdx\",\"data-theme\":\"github-dark\",style:{display:\"grid\"},children:[(0,e.jsx)(n.span,{\"data-line\":\"\",children:(0,e.jsx)(n.span,{style:{color:\"#E1E4E8\"},children:'<Card href=\"#\">'})}),`\n`,(0,e.jsx)(n.span,{\"data-line\":\"\",children:\" \"}),`\n`,(0,e.jsx)(n.span,{\"data-line\":\"\",children:(0,e.jsx)(n.span,{style:{color:\"#79B8FF\",fontWeight:\"bold\"},children:\"#### Heading\"})}),`\n`,(0,e.jsx)(n.span,{\"data-line\":\"\",children:\" \"}),`\n`,(0,e.jsxs)(n.span,{\"data-line\":\"\",children:[(0,e.jsx)(n.span,{style:{color:\"#E1E4E8\"},children:\"You can use \"}),(0,e.jsx)(n.span,{style:{color:\"#9ECBFF\"},children:\"**\"}),(0,e.jsx)(n.span,{style:{color:\"#E1E4E8\"},children:\"markdown\"}),(0,e.jsx)(n.span,{style:{color:\"#9ECBFF\"},children:\"**\"}),(0,e.jsx)(n.span,{style:{color:\"#E1E4E8\"},children:\" inside cards.\"})]}),`\n`,(0,e.jsx)(n.span,{\"data-line\":\"\",children:\" \"}),`\n`,(0,e.jsx)(n.span,{\"data-line\":\"\",children:(0,e.jsx)(n.span,{style:{color:\"#E1E4E8\"},children:\"</Card>\"})})]})})}),`\n`,(0,e.jsxs)(r,{href:\"#\",children:[(0,e.jsxs)(n.h4,{id:\"heading\",children:[(0,e.jsx)(n.a,{className:\"subheading-anchor\",\"aria-label\":\"Link to section\",href:\"#heading\",children:(0,e.jsx)(n.span,{className:\"icon icon-link\"})}),\"Heading\"]}),(0,e.jsxs)(n.p,{children:[\"You can use \",(0,e.jsx)(n.strong,{children:\"markdown\"}),\" inside cards.\"]})]}),`\n`,(0,e.jsx)(n.p,{children:\"You can also use HTML to embed cards in a grid.\"}),`\n`,(0,e.jsx)(n.figure,{\"data-rehype-pretty-code-figure\":\"\",children:(0,e.jsx)(n.pre,{tabIndex:\"0\",\"data-language\":\"mdx\",\"data-theme\":\"github-dark\",__rawString__:`<div className=\"grid grid-cols-2 gap-4\">\n  <Card href=\"#\">\n    #### Card One \n    You can use **markdown** inside cards.\n  </Card>\n\n  <Card href=\"#\">\n    #### Card Two \n    You can also use \\`inline code\\` and code blocks.\n  </Card>\n</div>\n`,children:(0,e.jsxs)(n.code,{\"data-language\":\"mdx\",\"data-theme\":\"github-dark\",style:{display:\"grid\"},children:[(0,e.jsx)(n.span,{\"data-line\":\"\",children:(0,e.jsx)(n.span,{style:{color:\"#E1E4E8\"},children:'<div className=\"grid grid-cols-2 gap-4\">'})}),`\n`,(0,e.jsx)(n.span,{\"data-line\":\"\",children:(0,e.jsx)(n.span,{style:{color:\"#E1E4E8\"},children:'  <Card href=\"#\">'})}),`\n`,(0,e.jsx)(n.span,{\"data-line\":\"\",children:(0,e.jsx)(n.span,{style:{color:\"#E1E4E8\"},children:\"    #### Card One \"})}),`\n`,(0,e.jsxs)(n.span,{\"data-line\":\"\",children:[(0,e.jsx)(n.span,{style:{color:\"#E1E4E8\"},children:\"    You can use \"}),(0,e.jsx)(n.span,{style:{color:\"#9ECBFF\"},children:\"**\"}),(0,e.jsx)(n.span,{style:{color:\"#E1E4E8\"},children:\"markdown\"}),(0,e.jsx)(n.span,{style:{color:\"#9ECBFF\"},children:\"**\"}),(0,e.jsx)(n.span,{style:{color:\"#E1E4E8\"},children:\" inside cards.\"})]}),`\n`,(0,e.jsx)(n.span,{\"data-line\":\"\",children:(0,e.jsx)(n.span,{style:{color:\"#E1E4E8\"},children:\"  </Card>\"})}),`\n`,(0,e.jsx)(n.span,{\"data-line\":\"\",children:\" \"}),`\n`,(0,e.jsx)(n.span,{\"data-line\":\"\",children:(0,e.jsx)(n.span,{style:{color:\"#E1E4E8\"},children:'  <Card href=\"#\">'})}),`\n`,(0,e.jsx)(n.span,{\"data-line\":\"\",children:(0,e.jsx)(n.span,{style:{color:\"#E1E4E8\"},children:\"    #### Card Two \"})}),`\n`,(0,e.jsxs)(n.span,{\"data-line\":\"\",children:[(0,e.jsx)(n.span,{style:{color:\"#E1E4E8\"},children:\"    You can also use \"}),(0,e.jsx)(n.span,{style:{color:\"#9ECBFF\"},children:\"`\"}),(0,e.jsx)(n.span,{style:{color:\"#79B8FF\"},children:\"inline code\"}),(0,e.jsx)(n.span,{style:{color:\"#9ECBFF\"},children:\"`\"}),(0,e.jsx)(n.span,{style:{color:\"#E1E4E8\"},children:\" and code blocks.\"})]}),`\n`,(0,e.jsx)(n.span,{\"data-line\":\"\",children:(0,e.jsx)(n.span,{style:{color:\"#E1E4E8\"},children:\"  </Card>\"})}),`\n`,(0,e.jsx)(n.span,{\"data-line\":\"\",children:(0,e.jsx)(n.span,{style:{color:\"#E1E4E8\"},children:\"</div>\"})})]})})}),`\n`,(0,e.jsxs)(\"div\",{className:\"grid grid-cols-2 gap-4\",children:[(0,e.jsxs)(r,{href:\"#\",children:[(0,e.jsxs)(n.h4,{id:\"card-one\",children:[(0,e.jsx)(n.a,{className:\"subheading-anchor\",\"aria-label\":\"Link to section\",href:\"#card-one\",children:(0,e.jsx)(n.span,{className:\"icon icon-link\"})}),\"Card One\"]}),(0,e.jsxs)(n.p,{children:[\"You can use \",(0,e.jsx)(n.strong,{children:\"markdown\"}),\" inside cards.\"]})]}),(0,e.jsxs)(r,{href:\"#\",children:[(0,e.jsxs)(n.h4,{id:\"card-two\",children:[(0,e.jsx)(n.a,{className:\"subheading-anchor\",\"aria-label\":\"Link to section\",href:\"#card-two\",children:(0,e.jsx)(n.span,{className:\"icon icon-link\"})}),\"Card Two\"]}),(0,e.jsxs)(n.p,{children:[\"You can also use \",(0,e.jsx)(n.code,{children:\"inline code\"}),\" and code blocks.\"]})]})]}),`\n`,(0,e.jsx)(n.hr,{}),`\n`,(0,e.jsxs)(n.h2,{id:\"custom-components\",children:[(0,e.jsx)(n.a,{className:\"subheading-anchor\",\"aria-label\":\"Link to section\",href:\"#custom-components\",children:(0,e.jsx)(n.span,{className:\"icon icon-link\"})}),\"Custom Components\"]}),`\n`,(0,e.jsxs)(n.p,{children:[\"You can add your own custom components using the \",(0,e.jsx)(n.code,{children:\"components\"}),\" props from \",(0,e.jsx)(n.code,{children:\"useMDXComponent\"}),\".\"]}),`\n`,(0,e.jsxs)(n.figure,{\"data-rehype-pretty-code-figure\":\"\",children:[(0,e.jsx)(n.figcaption,{\"data-rehype-pretty-code-title\":\"\",\"data-language\":\"ts\",\"data-theme\":\"github-dark\",children:\"components/mdx.tsx\"}),(0,e.jsx)(n.pre,{tabIndex:\"0\",\"data-language\":\"ts\",\"data-theme\":\"github-dark\",__rawString__:`import { Callout } from \"@/components/callout\"\nimport { CustomComponent } from \"@/components/custom\"\n\nconst components = {\n  Callout,\n  CustomComponent,\n}\n\nexport function Mdx({ code }) {\n  const Component = useMDXComponent(code)\n\n  return (\n    <div className=\"mdx\">\n      <Component components={components} />\n    </div>\n  )\n}\n`,children:(0,e.jsxs)(n.code,{\"data-language\":\"ts\",\"data-theme\":\"github-dark\",style:{display:\"grid\"},children:[(0,e.jsxs)(n.span,{\"data-line\":\"\",children:[(0,e.jsx)(n.span,{style:{color:\"#F97583\"},children:\"import\"}),(0,e.jsx)(n.span,{style:{color:\"#E1E4E8\"},children:\" { Callout } \"}),(0,e.jsx)(n.span,{style:{color:\"#F97583\"},children:\"from\"}),(0,e.jsx)(n.span,{style:{color:\"#9ECBFF\"},children:' \"@/components/callout\"'})]}),`\n`,(0,e.jsxs)(n.span,{\"data-line\":\"\",\"data-highlighted-line\":\"\",children:[(0,e.jsx)(n.span,{style:{color:\"#F97583\"},children:\"import\"}),(0,e.jsx)(n.span,{style:{color:\"#E1E4E8\"},children:\" { CustomComponent } \"}),(0,e.jsx)(n.span,{style:{color:\"#F97583\"},children:\"from\"}),(0,e.jsx)(n.span,{style:{color:\"#9ECBFF\"},children:' \"@/components/custom\"'})]}),`\n`,(0,e.jsx)(n.span,{\"data-line\":\"\",children:\" \"}),`\n`,(0,e.jsxs)(n.span,{\"data-line\":\"\",children:[(0,e.jsx)(n.span,{style:{color:\"#F97583\"},children:\"const\"}),(0,e.jsx)(n.span,{style:{color:\"#79B8FF\"},children:\" components\"}),(0,e.jsx)(n.span,{style:{color:\"#F97583\"},children:\" =\"}),(0,e.jsx)(n.span,{style:{color:\"#E1E4E8\"},children:\" {\"})]}),`\n`,(0,e.jsx)(n.span,{\"data-line\":\"\",children:(0,e.jsx)(n.span,{style:{color:\"#E1E4E8\"},children:\"  Callout,\"})}),`\n`,(0,e.jsx)(n.span,{\"data-line\":\"\",\"data-highlighted-line\":\"\",children:(0,e.jsx)(n.span,{style:{color:\"#E1E4E8\"},children:\"  CustomComponent,\"})}),`\n`,(0,e.jsx)(n.span,{\"data-line\":\"\",children:(0,e.jsx)(n.span,{style:{color:\"#E1E4E8\"},children:\"}\"})}),`\n`,(0,e.jsx)(n.span,{\"data-line\":\"\",children:\" \"}),`\n`,(0,e.jsxs)(n.span,{\"data-line\":\"\",children:[(0,e.jsx)(n.span,{style:{color:\"#F97583\"},children:\"export\"}),(0,e.jsx)(n.span,{style:{color:\"#F97583\"},children:\" function\"}),(0,e.jsx)(n.span,{style:{color:\"#B392F0\"},children:\" Mdx\"}),(0,e.jsx)(n.span,{style:{color:\"#E1E4E8\"},children:\"({ \"}),(0,e.jsx)(n.span,{style:{color:\"#FFAB70\"},children:\"code\"}),(0,e.jsx)(n.span,{style:{color:\"#E1E4E8\"},children:\" }) {\"})]}),`\n`,(0,e.jsxs)(n.span,{\"data-line\":\"\",children:[(0,e.jsx)(n.span,{style:{color:\"#F97583\"},children:\"  const\"}),(0,e.jsx)(n.span,{style:{color:\"#79B8FF\"},children:\" Component\"}),(0,e.jsx)(n.span,{style:{color:\"#F97583\"},children:\" =\"}),(0,e.jsx)(n.span,{style:{color:\"#B392F0\"},children:\" useMDXComponent\"}),(0,e.jsx)(n.span,{style:{color:\"#E1E4E8\"},children:\"(code)\"})]}),`\n`,(0,e.jsx)(n.span,{\"data-line\":\"\",children:\" \"}),`\n`,(0,e.jsxs)(n.span,{\"data-line\":\"\",children:[(0,e.jsx)(n.span,{style:{color:\"#F97583\"},children:\"  return\"}),(0,e.jsx)(n.span,{style:{color:\"#E1E4E8\"},children:\" (\"})]}),`\n`,(0,e.jsxs)(n.span,{\"data-line\":\"\",children:[(0,e.jsx)(n.span,{style:{color:\"#F97583\"},children:\"    <\"}),(0,e.jsx)(n.span,{style:{color:\"#E1E4E8\"},children:\"div className\"}),(0,e.jsx)(n.span,{style:{color:\"#F97583\"},children:\"=\"}),(0,e.jsx)(n.span,{style:{color:\"#9ECBFF\"},children:'\"mdx\"'}),(0,e.jsx)(n.span,{style:{color:\"#F97583\"},children:\">\"})]}),`\n`,(0,e.jsxs)(n.span,{\"data-line\":\"\",children:[(0,e.jsx)(n.span,{style:{color:\"#F97583\"},children:\"      <\"}),(0,e.jsx)(n.span,{style:{color:\"#E1E4E8\"},children:\"Component components\"}),(0,e.jsx)(n.span,{style:{color:\"#F97583\"},children:\"=\"}),(0,e.jsx)(n.span,{style:{color:\"#E1E4E8\"},children:\"{components} \"}),(0,e.jsx)(n.span,{style:{color:\"#F97583\"},children:\"/>\"})]}),`\n`,(0,e.jsxs)(n.span,{\"data-line\":\"\",children:[(0,e.jsx)(n.span,{style:{color:\"#F97583\"},children:\"    </\"}),(0,e.jsx)(n.span,{style:{color:\"#E1E4E8\"},children:\"div\"}),(0,e.jsx)(n.span,{style:{color:\"#F97583\"},children:\">\"})]}),`\n`,(0,e.jsx)(n.span,{\"data-line\":\"\",children:(0,e.jsx)(n.span,{style:{color:\"#E1E4E8\"},children:\"  )\"})}),`\n`,(0,e.jsx)(n.span,{\"data-line\":\"\",children:(0,e.jsx)(n.span,{style:{color:\"#E1E4E8\"},children:\"}\"})})]})})]}),`\n`,(0,e.jsx)(n.p,{children:\"Once you've added your custom component, you can use it in MDX as follows:\"}),`\n`,(0,e.jsx)(n.figure,{\"data-rehype-pretty-code-figure\":\"\",children:(0,e.jsx)(n.pre,{tabIndex:\"0\",\"data-language\":\"js\",\"data-theme\":\"github-dark\",__rawString__:`<CustomComponent propName=\"value\" />\n`,children:(0,e.jsx)(n.code,{\"data-language\":\"js\",\"data-theme\":\"github-dark\",style:{display:\"grid\"},children:(0,e.jsxs)(n.span,{\"data-line\":\"\",children:[(0,e.jsx)(n.span,{style:{color:\"#E1E4E8\"},children:\"<\"}),(0,e.jsx)(n.span,{style:{color:\"#79B8FF\"},children:\"CustomComponent\"}),(0,e.jsx)(n.span,{style:{color:\"#B392F0\"},children:\" propName\"}),(0,e.jsx)(n.span,{style:{color:\"#F97583\"},children:\"=\"}),(0,e.jsx)(n.span,{style:{color:\"#9ECBFF\"},children:'\"value\"'}),(0,e.jsx)(n.span,{style:{color:\"#E1E4E8\"},children:\" />\"})]})})})}),`\n`,(0,e.jsx)(n.hr,{}),`\n`,(0,e.jsxs)(n.h2,{id:\"html-elements\",children:[(0,e.jsx)(n.a,{className:\"subheading-anchor\",\"aria-label\":\"Link to section\",href:\"#html-elements\",children:(0,e.jsx)(n.span,{className:\"icon icon-link\"})}),\"HTML Elements\"]}),`\n`,(0,e.jsx)(n.p,{children:\"You can overwrite HTML elements using the same technique above.\"}),`\n`,(0,e.jsx)(n.figure,{\"data-rehype-pretty-code-figure\":\"\",children:(0,e.jsx)(n.pre,{tabIndex:\"0\",\"data-language\":\"ts\",\"data-theme\":\"github-dark\",__rawString__:`const components = {\n  Callout,\n  CustomComponent,\n  hr: ({ ...props }) => <hr className=\"my-4 border-slate-200 md:my-6\" />,\n}\n`,children:(0,e.jsxs)(n.code,{\"data-language\":\"ts\",\"data-theme\":\"github-dark\",style:{display:\"grid\"},children:[(0,e.jsxs)(n.span,{\"data-line\":\"\",children:[(0,e.jsx)(n.span,{style:{color:\"#F97583\"},children:\"const\"}),(0,e.jsx)(n.span,{style:{color:\"#79B8FF\"},children:\" components\"}),(0,e.jsx)(n.span,{style:{color:\"#F97583\"},children:\" =\"}),(0,e.jsx)(n.span,{style:{color:\"#E1E4E8\"},children:\" {\"})]}),`\n`,(0,e.jsx)(n.span,{\"data-line\":\"\",children:(0,e.jsx)(n.span,{style:{color:\"#E1E4E8\"},children:\"  Callout,\"})}),`\n`,(0,e.jsx)(n.span,{\"data-line\":\"\",children:(0,e.jsx)(n.span,{style:{color:\"#E1E4E8\"},children:\"  CustomComponent,\"})}),`\n`,(0,e.jsxs)(n.span,{\"data-line\":\"\",\"data-highlighted-line\":\"\",children:[(0,e.jsx)(n.span,{style:{color:\"#B392F0\"},children:\"  hr\"}),(0,e.jsx)(n.span,{style:{color:\"#E1E4E8\"},children:\": ({ \"}),(0,e.jsx)(n.span,{style:{color:\"#F97583\"},children:\"...\"}),(0,e.jsx)(n.span,{style:{color:\"#FFAB70\"},children:\"props\"}),(0,e.jsx)(n.span,{style:{color:\"#E1E4E8\"},children:\" }) \"}),(0,e.jsx)(n.span,{style:{color:\"#F97583\"},children:\"=>\"}),(0,e.jsx)(n.span,{style:{color:\"#E1E4E8\"},children:\" <\"}),(0,e.jsx)(n.span,{style:{color:\"#B392F0\"},children:\"hr\"}),(0,e.jsx)(n.span,{style:{color:\"#B392F0\"},children:\" className\"}),(0,e.jsx)(n.span,{style:{color:\"#E1E4E8\"},children:\"=\"}),(0,e.jsx)(n.span,{style:{color:\"#9ECBFF\"},children:'\"my-4 border-slate-200 md:my-6\"'}),(0,e.jsx)(n.span,{style:{color:\"#E1E4E8\"},children:\" />,\"})]}),`\n`,(0,e.jsx)(n.span,{\"data-line\":\"\",children:(0,e.jsx)(n.span,{style:{color:\"#E1E4E8\"},children:\"}\"})})]})})}),`\n`,(0,e.jsxs)(n.p,{children:[\"This will overwrite the \",(0,e.jsx)(n.code,{children:\"<hr />\"}),\" tag or \",(0,e.jsx)(n.code,{children:\"---\"}),\" in Mardown with the HTML output above.\"]}),`\n`,(0,e.jsx)(n.hr,{}),`\n`,(0,e.jsxs)(n.h2,{id:\"styling\",children:[(0,e.jsx)(n.a,{className:\"subheading-anchor\",\"aria-label\":\"Link to section\",href:\"#styling\",children:(0,e.jsx)(n.span,{className:\"icon icon-link\"})}),\"Styling\"]}),`\n`,(0,e.jsx)(n.p,{children:\"Tailwind CSS classes can be used inside MDX for styling.\"}),`\n`,(0,e.jsx)(n.figure,{\"data-rehype-pretty-code-figure\":\"\",children:(0,e.jsx)(n.pre,{tabIndex:\"0\",\"data-language\":\"jsx\",\"data-theme\":\"github-dark\",__rawString__:`<p className=\"text-red-600\">This text will be red.</p>\n`,children:(0,e.jsx)(n.code,{\"data-language\":\"jsx\",\"data-theme\":\"github-dark\",style:{display:\"grid\"},children:(0,e.jsxs)(n.span,{\"data-line\":\"\",children:[(0,e.jsx)(n.span,{style:{color:\"#E1E4E8\"},children:\"<\"}),(0,e.jsx)(n.span,{style:{color:\"#85E89D\"},children:\"p\"}),(0,e.jsx)(n.span,{style:{color:\"#B392F0\"},children:\" className\"}),(0,e.jsx)(n.span,{style:{color:\"#F97583\"},children:\"=\"}),(0,e.jsx)(n.span,{style:{color:\"#9ECBFF\"},children:'\"text-red-600\"'}),(0,e.jsx)(n.span,{style:{color:\"#E1E4E8\"},children:\">This text will be red.</\"}),(0,e.jsx)(n.span,{style:{color:\"#85E89D\"},children:\"p\"}),(0,e.jsx)(n.span,{style:{color:\"#E1E4E8\"},children:\">\"})]})})})}),`\n`,(0,e.jsxs)(n.p,{children:[\"Make sure you have configured the path to your content in your \",(0,e.jsx)(n.code,{children:\"tailwind.config.js\"}),\" file:\"]})]})}function p(l={}){let{wrapper:n}=l.components||{};return n?(0,e.jsx)(n,{...l,children:(0,e.jsx)(t,{...l})}):t(l)}function h(l,n){throw new Error(\"Expected \"+(n?\"component\":\"object\")+\" `\"+l+\"` to be defined: you likely forgot to import, pass, or provide it.\")}return b(w);})();\n;return Component;"
  },
  "_id": "docs/configuration/components.mdx",
  "_raw": {
    "sourceFilePath": "docs/configuration/components.mdx",
    "sourceFileName": "components.mdx",
    "sourceFileDir": "docs/configuration",
    "contentType": "mdx",
    "flattenedPath": "docs/configuration/components"
  },
  "type": "Doc",
  "slug": "/docs/configuration/components",
  "slugAsParams": "configuration/components",
  "images": []
}