{
  "title": "Installation",
  "description": "How to install the project.",
  "published": true,
  "body": {
    "raw": "\n<Steps>\n\n### Create project\n\nStart by creating a new Next.js project using `create-next-app`:\n\n```bash\nnpx create-next-app my-saas-project --example \"https://github.com/mickasmt/next-saas-stripe-starter\"\n```\n\nOr deploy with Vercel :\n\n[![Deploy with Vercel](https://vercel.com/button)](https://vercel.com/new/clone?repository-url=https%3A%2F%2Fgithub.com%2Fmickasmt%2Fnext-saas-stripe-starter)\n\n<Callout type=\"warning\" twClass=\"mt-4\">\n  A good way to create your repository, but the deployment will fail because you\n  need to add your environment variables locally in your project. Follow the\n  documentation for that.\n</Callout>\n\n### Install dependencies\n\nEnter in the folder and install dependencies for your project:\n\n```bash\ncd my-saas-project\npnpm install\n```\n\n### Create a `.env` file\n\nCopy/paste the `.env.example` in the `.env` file:\n\n```md title=\".env\"\nNEXT_PUBLIC_APP_URL=http://localhost:3000\n\nAUTH_SECRET=\nGOOGLE_CLIENT_ID=\nGOOGLE_CLIENT_SECRET=\nGITHUB_OAUTH_TOKEN=\n\nDATABASE_URL=\n\nRESEND_API_KEY=\nEMAIL_FROM=\n\nSTRIPE_API_KEY=\nSTRIPE_WEBHOOK_SECRET=\n\nNEXT_PUBLIC_STRIPE_PRO_MONTHLY_PLAN_ID=\nNEXT_PUBLIC_STRIPE_PRO_YEARLY_PLAN_ID=\nNEXT_PUBLIC_STRIPE_BUSINESS_MONTHLY_PLAN_ID=\nNEXT_PUBLIC_STRIPE_BUSINESS_YEARLY_PLAN_ID=\n```\n\n### Configuration part\n\nLet's check the configuration part for update all environment variables before use `pnpm run dev`.\n\n</Steps>\n",
    "code": "var Component=(()=>{var E=Object.create;var i=Object.defineProperty;var _=Object.getOwnPropertyDescriptor;var u=Object.getOwnPropertyNames;var y=Object.getPrototypeOf,g=Object.prototype.hasOwnProperty;var m=(a,e)=>()=>(e||a((e={exports:{}}).exports,e),e.exports),I=(a,e)=>{for(var t in e)i(a,t,{get:e[t],enumerable:!0})},c=(a,e,t,r)=>{if(e&&typeof e==\"object\"||typeof e==\"function\")for(let l of u(e))!g.call(a,l)&&l!==t&&i(a,l,{get:()=>e[l],enumerable:!(r=_(e,l))||r.enumerable});return a};var L=(a,e,t)=>(t=a!=null?E(y(a)):{},c(e||!a||!a.__esModule?i(t,\"default\",{value:a,enumerable:!0}):t,a)),T=a=>c(i({},\"__esModule\",{value:!0}),a);var s=m((S,d)=>{d.exports=_jsx_runtime});var P={};I(P,{default:()=>h,frontmatter:()=>N});var n=L(s()),N={title:\"Installation\",description:\"How to install the project.\"};function o(a){let e={a:\"a\",code:\"code\",figcaption:\"figcaption\",figure:\"figure\",h3:\"h3\",img:\"img\",p:\"p\",pre:\"pre\",span:\"span\",...a.components},{Callout:t,Steps:r}=e;return t||p(\"Callout\",!0),r||p(\"Steps\",!0),(0,n.jsxs)(r,{children:[(0,n.jsxs)(e.h3,{id:\"create-project\",children:[(0,n.jsx)(e.a,{className:\"subheading-anchor\",\"aria-label\":\"Link to section\",href:\"#create-project\",children:(0,n.jsx)(e.span,{className:\"icon icon-link\"})}),\"Create project\"]}),(0,n.jsxs)(e.p,{children:[\"Start by creating a new Next.js project using \",(0,n.jsx)(e.code,{children:\"create-next-app\"}),\":\"]}),(0,n.jsx)(e.figure,{\"data-rehype-pretty-code-figure\":\"\",children:(0,n.jsx)(e.pre,{tabIndex:\"0\",\"data-language\":\"bash\",\"data-theme\":\"github-dark\",__rawString__:`npx create-next-app my-saas-project --example \"https://github.com/mickasmt/next-saas-stripe-starter\"\n`,children:(0,n.jsx)(e.code,{\"data-language\":\"bash\",\"data-theme\":\"github-dark\",style:{display:\"grid\"},children:(0,n.jsxs)(e.span,{\"data-line\":\"\",children:[(0,n.jsx)(e.span,{style:{color:\"#B392F0\"},children:\"npx\"}),(0,n.jsx)(e.span,{style:{color:\"#9ECBFF\"},children:\" create-next-app\"}),(0,n.jsx)(e.span,{style:{color:\"#9ECBFF\"},children:\" my-saas-project\"}),(0,n.jsx)(e.span,{style:{color:\"#79B8FF\"},children:\" --example\"}),(0,n.jsx)(e.span,{style:{color:\"#9ECBFF\"},children:' \"https://github.com/mickasmt/next-saas-stripe-starter\"'})]})})})}),(0,n.jsx)(e.p,{children:\"Or deploy with Vercel :\"}),(0,n.jsx)(e.p,{children:(0,n.jsx)(e.a,{href:\"https://vercel.com/new/clone?repository-url=https%3A%2F%2Fgithub.com%2Fmickasmt%2Fnext-saas-stripe-starter\",children:(0,n.jsx)(e.img,{src:\"https://vercel.com/button\",alt:\"Deploy with Vercel\"})})}),(0,n.jsx)(t,{type:\"warning\",twClass:\"mt-4\",children:(0,n.jsx)(e.p,{children:`A good way to create your repository, but the deployment will fail because you\nneed to add your environment variables locally in your project. Follow the\ndocumentation for that.`})}),(0,n.jsxs)(e.h3,{id:\"install-dependencies\",children:[(0,n.jsx)(e.a,{className:\"subheading-anchor\",\"aria-label\":\"Link to section\",href:\"#install-dependencies\",children:(0,n.jsx)(e.span,{className:\"icon icon-link\"})}),\"Install dependencies\"]}),(0,n.jsx)(e.p,{children:\"Enter in the folder and install dependencies for your project:\"}),(0,n.jsx)(e.figure,{\"data-rehype-pretty-code-figure\":\"\",children:(0,n.jsx)(e.pre,{tabIndex:\"0\",\"data-language\":\"bash\",\"data-theme\":\"github-dark\",__rawString__:`cd my-saas-project\npnpm install\n`,children:(0,n.jsxs)(e.code,{\"data-language\":\"bash\",\"data-theme\":\"github-dark\",style:{display:\"grid\"},children:[(0,n.jsxs)(e.span,{\"data-line\":\"\",children:[(0,n.jsx)(e.span,{style:{color:\"#79B8FF\"},children:\"cd\"}),(0,n.jsx)(e.span,{style:{color:\"#9ECBFF\"},children:\" my-saas-project\"})]}),`\n`,(0,n.jsxs)(e.span,{\"data-line\":\"\",children:[(0,n.jsx)(e.span,{style:{color:\"#B392F0\"},children:\"pnpm\"}),(0,n.jsx)(e.span,{style:{color:\"#9ECBFF\"},children:\" install\"})]})]})})}),(0,n.jsxs)(e.h3,{id:\"create-a-env-file\",children:[(0,n.jsx)(e.a,{className:\"subheading-anchor\",\"aria-label\":\"Link to section\",href:\"#create-a-env-file\",children:(0,n.jsx)(e.span,{className:\"icon icon-link\"})}),\"Create a \",(0,n.jsx)(e.code,{children:\".env\"}),\" file\"]}),(0,n.jsxs)(e.p,{children:[\"Copy/paste the \",(0,n.jsx)(e.code,{children:\".env.example\"}),\" in the \",(0,n.jsx)(e.code,{children:\".env\"}),\" file:\"]}),(0,n.jsxs)(e.figure,{\"data-rehype-pretty-code-figure\":\"\",children:[(0,n.jsx)(e.figcaption,{\"data-rehype-pretty-code-title\":\"\",\"data-language\":\"md\",\"data-theme\":\"github-dark\",children:\".env\"}),(0,n.jsx)(e.pre,{tabIndex:\"0\",\"data-language\":\"md\",\"data-theme\":\"github-dark\",__rawString__:`NEXT_PUBLIC_APP_URL=http://localhost:3000\n\nAUTH_SECRET=\nGOOGLE_CLIENT_ID=\nGOOGLE_CLIENT_SECRET=\nGITHUB_OAUTH_TOKEN=\n\nDATABASE_URL=\n\nRESEND_API_KEY=\nEMAIL_FROM=\n\nSTRIPE_API_KEY=\nSTRIPE_WEBHOOK_SECRET=\n\nNEXT_PUBLIC_STRIPE_PRO_MONTHLY_PLAN_ID=\nNEXT_PUBLIC_STRIPE_PRO_YEARLY_PLAN_ID=\nNEXT_PUBLIC_STRIPE_BUSINESS_MONTHLY_PLAN_ID=\nNEXT_PUBLIC_STRIPE_BUSINESS_YEARLY_PLAN_ID=\n`,children:(0,n.jsxs)(e.code,{\"data-language\":\"md\",\"data-theme\":\"github-dark\",style:{display:\"grid\"},children:[(0,n.jsx)(e.span,{\"data-line\":\"\",children:(0,n.jsx)(e.span,{style:{color:\"#E1E4E8\"},children:\"NEXT_PUBLIC_APP_URL=http://localhost:3000\"})}),`\n`,(0,n.jsx)(e.span,{\"data-line\":\"\",children:\" \"}),`\n`,(0,n.jsx)(e.span,{\"data-line\":\"\",children:(0,n.jsx)(e.span,{style:{color:\"#E1E4E8\"},children:\"AUTH_SECRET=\"})}),`\n`,(0,n.jsx)(e.span,{\"data-line\":\"\",children:(0,n.jsx)(e.span,{style:{color:\"#E1E4E8\"},children:\"GOOGLE_CLIENT_ID=\"})}),`\n`,(0,n.jsx)(e.span,{\"data-line\":\"\",children:(0,n.jsx)(e.span,{style:{color:\"#E1E4E8\"},children:\"GOOGLE_CLIENT_SECRET=\"})}),`\n`,(0,n.jsx)(e.span,{\"data-line\":\"\",children:(0,n.jsx)(e.span,{style:{color:\"#E1E4E8\"},children:\"GITHUB_OAUTH_TOKEN=\"})}),`\n`,(0,n.jsx)(e.span,{\"data-line\":\"\",children:\" \"}),`\n`,(0,n.jsx)(e.span,{\"data-line\":\"\",children:(0,n.jsx)(e.span,{style:{color:\"#E1E4E8\"},children:\"DATABASE_URL=\"})}),`\n`,(0,n.jsx)(e.span,{\"data-line\":\"\",children:\" \"}),`\n`,(0,n.jsx)(e.span,{\"data-line\":\"\",children:(0,n.jsx)(e.span,{style:{color:\"#E1E4E8\"},children:\"RESEND_API_KEY=\"})}),`\n`,(0,n.jsx)(e.span,{\"data-line\":\"\",children:(0,n.jsx)(e.span,{style:{color:\"#E1E4E8\"},children:\"EMAIL_FROM=\"})}),`\n`,(0,n.jsx)(e.span,{\"data-line\":\"\",children:\" \"}),`\n`,(0,n.jsx)(e.span,{\"data-line\":\"\",children:(0,n.jsx)(e.span,{style:{color:\"#E1E4E8\"},children:\"STRIPE_API_KEY=\"})}),`\n`,(0,n.jsx)(e.span,{\"data-line\":\"\",children:(0,n.jsx)(e.span,{style:{color:\"#E1E4E8\"},children:\"STRIPE_WEBHOOK_SECRET=\"})}),`\n`,(0,n.jsx)(e.span,{\"data-line\":\"\",children:\" \"}),`\n`,(0,n.jsx)(e.span,{\"data-line\":\"\",children:(0,n.jsx)(e.span,{style:{color:\"#E1E4E8\"},children:\"NEXT_PUBLIC_STRIPE_PRO_MONTHLY_PLAN_ID=\"})}),`\n`,(0,n.jsx)(e.span,{\"data-line\":\"\",children:(0,n.jsx)(e.span,{style:{color:\"#E1E4E8\"},children:\"NEXT_PUBLIC_STRIPE_PRO_YEARLY_PLAN_ID=\"})}),`\n`,(0,n.jsx)(e.span,{\"data-line\":\"\",children:(0,n.jsx)(e.span,{style:{color:\"#E1E4E8\"},children:\"NEXT_PUBLIC_STRIPE_BUSINESS_MONTHLY_PLAN_ID=\"})}),`\n`,(0,n.jsx)(e.span,{\"data-line\":\"\",children:(0,n.jsx)(e.span,{style:{color:\"#E1E4E8\"},children:\"NEXT_PUBLIC_STRIPE_BUSINESS_YEARLY_PLAN_ID=\"})})]})})]}),(0,n.jsxs)(e.h3,{id:\"configuration-part\",children:[(0,n.jsx)(e.a,{className:\"subheading-anchor\",\"aria-label\":\"Link to section\",href:\"#configuration-part\",children:(0,n.jsx)(e.span,{className:\"icon icon-link\"})}),\"Configuration part\"]}),(0,n.jsxs)(e.p,{children:[\"Let's check the configuration part for update all environment variables before use \",(0,n.jsx)(e.code,{children:\"pnpm run dev\"}),\".\"]})]})}function h(a={}){let{wrapper:e}=a.components||{};return e?(0,n.jsx)(e,{...a,children:(0,n.jsx)(o,{...a})}):o(a)}function p(a,e){throw new Error(\"Expected \"+(e?\"component\":\"object\")+\" `\"+a+\"` to be defined: you likely forgot to import, pass, or provide it.\")}return T(P);})();\n;return Component;"
  },
  "_id": "docs/installation.mdx",
  "_raw": {
    "sourceFilePath": "docs/installation.mdx",
    "sourceFileName": "installation.mdx",
    "sourceFileDir": "docs",
    "contentType": "mdx",
    "flattenedPath": "docs/installation"
  },
  "type": "Doc",
  "slug": "/docs/installation",
  "slugAsParams": "installation",
  "images": []
}